{
    "num_bands": 10,
    "left": {
        "en_ha": 1,
        "aligned": 1,
        "gain": 0,
        "g50": [
	    11,4,
            4.5,
            10.5,
            13,
            25.5,
            28,
            28,
            16.5,
            8.5
        ],
        "g80": [-7,-14,-14.5,-10.5,-8,4.5,7,7,-1.5,-8.5],
        "knee_low": [40,40,40,40,40,40,40,40,40,40],
        "mpo_band": [110,110,110,110,110,110,110,110,110,110],
        "attack": [
            5.0,
            5.0,
            5.0,
            5.0,
            5.0,
            5.0,
            5.0,
            5.0,
            5.0,
            5.0
        ],
        "release": [
            20.0,
            20.0,
            20.0,
            20.0,
            20.0,
            20.0,
            20.0,
            20.0,
            20.0,
            20.0
        ],
        "cal_mic" : [
		    17.5,
		    17.5,
		    20,
		    19.3,
		    15.8,
		    15.8,
		    15.8,
		    14.6,
		    13.3,
		    13.1
	    ],
        "cal_rec" : [
		    1,
		    1,
		    1,
		    1.5,
		    1,
		    1,
		    -2,
		    -7,
		    5,
		    5
	    ],
        "cal_mpo" : [
		     1,
                    1,
                    1,
                    1.5,
                    1,
                    1,
                    -2,
                    -7,
                    5,
                    5
	    ],

        "global_mpo": 120.0,
        "noise_estimation_type": 0,
        "spectral_type": 0,
        "spectral_subtraction": 0.0,
        "freping": 1,
        "freping_alpha": [
            0.0,
            0.0,
            0.0,
            0.0,
            0.0,
            0.0,
            0.0,
            0.0,
            0.0,
            0.2
        ],
        "afc": 1,
        "afc_reset": 0,
        "afc_type": 3,
        "afc_delay": 4.6875,
        "afc_mu": 0.004999999888241291,
        "afc_rho": 0.8999999761581421,
        "bf": 0,
        "bf_type": 3,
        "bf_mu": 0.009999999776482582,
        "bf_rho": 0.9850000143051148,
        "bf_delta": 9.999999974752428e-7,
        "bf_c": 0.0010000000474974514,
        "bf_power_estimate": 0.0,
        "bf_p": 1.2999999523162842,
        "bf_alpha": 0.0,
        "bf_beta": 150.0,
        "bf_fir_length": 319,
        "bf_delay_len": 160,
        "bf_nc_on_off": 0,
        "bf_imu_on_off": 0,
        "bf_amc_on_off": 0,
        "nc_thr": 1.0,
        "amc_thr": 2.0,
        "amc_forgetting_factor": 0.800000011920929,
        "audio_filename": "",
        "audio_reset": 0,
        "audio_play": 0,
        "audio_repeat": 0
    },
    "right": {
        "en_ha": 1,
        "aligned": 1,
        "gain": 0,
        "g50": [11,9,9.5,15.5,15.5,20.5,30.5,30.5,24,16],
        "g80": [-7,-9,-9.5,-5.5,-5.5,-0.5,9.5,9.5,6,-1],
        "knee_low": [40,40,40,40,40,40,40,40,40,40],
        "mpo_band": [110,110,110,110,110,110,110,110,110,110],
        "attack": [
            5.0,
            5.0,
            5.0,
            5.0,
            5.0,
            5.0,
            5.0,
            5.0,
            5.0,
            5.0
        ],
        "release": [
            20.0,
            20.0,
            20.0,
            20.0,
            20.0,
            20.0,
            20.0,
            20.0,
            20.0,
            20.0
        ],
        "cal_mic" : [
		    17.5,
		    17.5,
		    20,
		    19.3,
		    15.8,
		    15.8,
		    15.8,
		    14.6,
		    13.3,
		    13.1
	    ],
        "cal_rec" : [
		    1,
		    1,
		    1,
		    1.5,
		    1,
		    1,
		    -2,
		    -7,
		    5,
		    5
	    ],
        "cal_mpo" : [
		     1,
                    1,
                    1,
                    1.5,
                    1,
                    1,
                    -2,
                    -7,
                    5,
                    5
	    ],
        "global_mpo": 120.0,
        "noise_estimation_type": 0,
        "spectral_type": 0,
        "spectral_subtraction": 0.0,
        "freping": 1,
        "freping_alpha": [
            0.0,
            0.0,
            0.0,
            0.0,
            0.0,
            0.0,
            0.0,
            0.0,
            0.0,
            0.2
        ],
        "afc": 1,
        "afc_reset": 0,
        "afc_type": 3,
        "afc_delay": 4.6875,
        "afc_mu": 0.004999999888241291,
        "afc_rho": 0.8999999761581421,
        "audio_filename": "",
        "audio_reset": 0,
        "audio_play": 0,
        "audio_repeat": 0
    }
}
